<?xml version="1.0" encoding="UTF-8"?>
<!DOCTYPE fontscolors PUBLIC "-//NetBeans//DTD Editor Fonts and Colors settings 1.1//EN" "http://www.netbeans.org/dtds/EditorFontsColors-1_1.dtd">
<fontscolors>
    <fontcolor foreColor="ff165df5" name="mod-method"/>
    <fontcolor default="number" name="INT_LITERAL"/>
    <fontcolor foreColor="ff2e92c7" name="TYPE_SYMBOL"/>
    <fontcolor bgColor="ffffcccc" name="uncovered"/>
    <fontcolor default="comment" name="LINE_COMMENT"/>
    <fontcolor name="mod-deprecated" strikeThrough="darkGray"/>
    <fontcolor default="operator" name="ANY_OPERATOR"/>
    <fontcolor default="number" name="DOUBLE_LITERAL"/>
    <fontcolor default="whitespace" name="WHITESPACE"/>
    <fontcolor name="CLASS_VAR">
        <font style="bold+italic"/>
    </fontcolor>
    <fontcolor bgColor="ffeceba3" name="mark-occurrences"/>
    <fontcolor foreColor="ff99006b" name="TODO">
        <font style="bold"/>
    </fontcolor>
    <fontcolor default="error" name="ERROR" waveUnderlined="orange"/>
    <fontcolor default="number" name="LONG_LITERAL"/>
    <fontcolor default="field" name="mod-field"/>
    <fontcolor default="string" name="QUOTED_STRING_LITERAL"/>
    <fontcolor bgColor="ffccffcc" name="covered"/>
    <fontcolor default="number" name="FLOAT_LITERAL"/>
    <fontcolor default="keyword" name="ANY_KEYWORD"/>
    <fontcolor name="mod-constructor">
        <font style="bold"/>
    </fontcolor>
    <fontcolor default="field" name="INSTANCE_VAR"/>
    <fontcolor name="mod-local-variable"/>
    <fontcolor default="string" name="STRING_LITERAL"/>
    <fontcolor foreColor="ffa06001" name="mod-parameter"/>
    <fontcolor foreColor="ff9933cc" name="REGEXP_LITERAL"/>
    <fontcolor default="identifier" name="IDENTIFIER"/>
    <fontcolor bgColor="ffe0ffe0" name="inferred"/>
    <fontcolor foreColor="ff1869be" name="mod-class"/>
    <fontcolor name="mod-unused" waveUnderlined="ff999999"/>
    <fontcolor foreColor="black" name="CONSTANT">
        <font style="italic"/>
    </fontcolor>
    <fontcolor foreColor="ff12899b" name="DECORATOR"/>
    <fontcolor foreColor="black" name="GLOBAL_VAR">
        <font style="italic"/>
    </fontcolor>
</fontscolors>
