<?xml version="1.0" encoding="UTF-8"?>
<!DOCTYPE fontscolors PUBLIC "-//NetBeans//DTD Editor Fonts and Colors settings 1.1//EN" "http://www.netbeans.org/dtds/EditorFontsColors-1_1.dtd">
<fontscolors>
    <fontcolor name="error" waveUnderlined="red"/>
    <fontcolor foreColor="ff666600" name="char"/>
    <fontcolor foreColor="ff0000e6" name="keyword"/>
    <fontcolor foreColor="black" name="whitespace"/>
    <fontcolor default="keyword" name="markup-element"/>
    <fontcolor foreColor="red" name="number"/>
    <fontcolor name="url" underline="blue"/>
    <fontcolor foreColor="ffff6666" name="operator"/>
    <fontcolor default="identifier" foreColor="ff009900" name="field"/>
    <fontcolor bgColor="white" foreColor="black" name="default">
        <font name="Consolas" size="12"/>
    </fontcolor>
    <fontcolor foreColor="ff666666" name="string"/>
    <fontcolor default="string" name="markup-attribute-value"/>
    <fontcolor default="default" foreColor="black" name="entity-reference">
        <font style="bold"/>
    </fontcolor>
    <fontcolor default="identifier" name="method"/>
    <fontcolor foreColor="ff006600" name="comment"/>
    <fontcolor name="identifier"/>
    <fontcolor name="separator"/>
    <fontcolor default="field" name="markup-attribute"/>
</fontscolors>
