<?xml version="1.0" encoding="UTF-8"?>
<!DOCTYPE fontscolors PUBLIC "-//NetBeans//DTD Editor Fonts and Colors settings 1.1//EN" "http://www.netbeans.org/dtds/EditorFontsColors-1_1.dtd">
<fontscolors>
    <fontcolor name="error" waveUnderlined="red"/>
    <fontcolor foreColor="ffce7b00" name="char"/>
    <fontcolor foreColor="ff3b63bf" name="keyword"/>
    <fontcolor foreColor="ffede6e6" name="whitespace"/>
    <fontcolor default="keyword" name="markup-element"/>
    <fontcolor foreColor="red" name="number"/>
    <fontcolor name="url"/>
    <fontcolor foreColor="fff78b05" name="operator">
        <font style="bold"/>
    </fontcolor>
    <fontcolor default="identifier" foreColor="ff009900" name="field"/>
    <fontcolor bgColor="white" foreColor="ff01297f" name="default">
        <font name="Courier New" size="14"/>
    </fontcolor>
    <fontcolor foreColor="ff777777" name="string"/>
    <fontcolor default="default" foreColor="black" name="entity-reference">
        <font style="bold"/>
    </fontcolor>
    <fontcolor default="string" name="markup-attribute-value"/>
    <fontcolor default="identifier" name="method"/>
    <fontcolor foreColor="ff018b31" name="comment"/>
    <fontcolor name="identifier"/>
    <fontcolor foreColor="fff3921d" name="separator"/>
    <fontcolor default="field" name="markup-attribute"/>
</fontscolors>
