<?xml version="1.0" encoding="UTF-8"?>
<!DOCTYPE platform PUBLIC "-//NetBeans//DTD Davlik PlatformDefinition 1.0//EN" "http://www.netbeans.org/dtds/dalvik-platformdefinition-1_0.dtd">
<platform name="Android">
    <properties>
        <property name="android.default.skin" value="QVGA-L"/>
        <property name="android.skins" value="QVGA-L,QVGA-P,HVGA-L,HVGA-P"/>
        <property name="platform.ant.name" value="Android"/>
    </properties>
    <sysproperties/>
    <home>
        <resource>file:/C:/Archivos%20de%20programa/Android/android-sdk/platforms/android-3/</resource>
    </home>
</platform>
